rpm,temperature,load,throttle,pressure,fuel_rate,speed,oil_temp,vibration,humidity,engine_status
1599,79.63088773765821,63.99355436586002,33.89180538083319,93.24821725025619,5.285306498609765,40.921924421226095,85.90320456226073,0.2068253197517533,35.206107719066125,0
1472,84.54708320235065,59.246336829127685,27.244071418357333,98.55481329284483,5.484092330266431,51.39614989220498,76.86343277024349,0.2484398255530458,33.23745655279639,0
1629,68.00716213090429,50.59630369920174,25.909005582888465,92.07580079000039,4.834345808408338,55.863944665783556,80.22611354499992,0.2509008436022223,32.0820580510621,0
1804,77.81484618345286,43.53063222294426,29.98312771294524,96.9203847036096,4.693881632746125,78.8768765734019,80.25598950940542,0.2736315172921703,42.06499456068899,0
1453,71.74678715439086,56.982233136135896,29.149076887375358,81.06385333046214,4.457424736721101,65.56553124533758,77.49107903594233,0.1816570818359587,38.92966151136069,0
1453,72.56437308117651,53.934853854217494,27.733859753363625,102.13293707372938,4.587294735010523,46.64518430900109,73.13767226057949,0.27962836369236654,41.89702698802555,1
1815,72.03803037880566,58.95193220027733,33.481937237283574,100.01205475362224,6.474547212654363,64.86036289417638,81.61487251808835,0.11478041841986122,43.45236343060756,1
1653,70.68004615160092,56.351718016819696,34.77652604285255,91.82911368931809,5.622339790368393,44.52696011061634,79.69498014072309,0.2185057723818095,41.328084965862665,1
1406,75.24260813972414,60.49552715319335,30.442034431459238,106.59245668432405,4.3244628168959895,70.82691053887073,82.50120234718285,0.22558630787742276,43.28881588075187,0
1608,70.84524941794481,44.64764788439432,37.38765040527631,109.37570137626558,4.338771021628215,55.28875348182122,77.33199846780417,0.28166634130356194,39.65233856878865,0
1407,76.3522841288992,63.173940656343255,24.291554429332475,83.92440135631026,5.240933030859246,59.06363811260829,86.10410649406523,0.25113154263384346,34.06503305847128,0
1406,74.74880945275432,51.975996046923996,29.03170270360141,92.37275221433785,5.273632398688983,73.2579664754219,75.61613109394078,0.17972184730718566,45.28907090410398,1
1548,73.80525976566796,70.75260872625265,26.415888396985977,92.30857650212701,5.274441917658682,47.1283643141575,88.56020142008947,0.20075034370914924,37.05443933609436,1
1117,70.462181689792,43.10812181910432,20.6673169146347,90.60096898891135,4.872522103223151,46.02881814887009,71.26181745085869,0.25993400047737036,35.322018506187874,1
1155,72.11614334715834,67.3596380316525,29.586596570786504,108.29474841931749,4.93727286999855,54.16400673653995,82.17385032278446,0.24604663290677217,39.11041062097801,0
1387,78.77695612912878,51.979107834626475,29.39126245808358,98.06173861227197,5.1639397620796785,70.38378851019317,82.37715341263312,0.22104379451821268,35.43594540351744,1
1297,77.5045859381219,43.48581996385552,37.567248716210656,97.35485158689389,5.042946503146665,44.806539245231576,76.02221466029559,0.22595831052440102,37.91284809005284,0
1562,70.11222377600724,45.16114165945678,33.154058422773886,79.96137635593246,3.8903498136262327,31.67844401889431,82.12196968930506,0.28480839985796447,41.72026960781733,1
1318,75.49666152714613,46.7965269180568,24.879065878353977,106.35418030209226,4.885100184712403,55.488411415910015,86.3975933488008,0.22411537135653925,41.74170869623063,1
1217,78.75693561685894,54.241659464019165,39.27046283167094,87.60741605146528,4.574296782869843,65.51740799910921,68.91590580322968,0.24559543779854634,35.51084966787185,1
1793,66.65297359439315,55.228354880355,36.10516847762676,100.59932630266329,5.087605709454256,72.00261749738829,82.51372403745407,0.35849682940402716,37.56147313525628,1
1454,77.71680096189968,44.26299996061421,32.910488517343076,102.77376937958192,6.492629501301705,55.36838637914601,67.53364589834962,0.17881586815580386,45.37166502385122,0
1513,71.68688120527077,49.756454077390174,28.86757950575084,113.60658595838652,5.183740832737152,55.885733928839976,75.17167598238396,0.15740786342126706,42.482000588669706,1
1215,77.8529933429658,71.42270358611864,25.202803816382602,86.91179600880888,4.843235156913801,71.53900734255747,88.14583182450473,0.28917948323993037,50.37532519674271,1
1391,71.18370421728741,67.27543170100711,28.138966119644735,69.80487844179174,5.4609007509886265,41.3025830030458,77.09108983303973,0.21606784693529485,45.90064086870764,0
1522,65.9755894966774,54.36323669674032,35.443743098520926,101.83849544753694,5.2413439436046065,56.114792248169906,74.13060017795513,0.234088123612869,45.721465342799696,0
1269,66.86228781058419,50.380034781682,39.42293152967304,118.00511181510853,5.210047245225921,61.90423889925058,79.0103113550766,0.2109421810934443,33.06065724772099,0
1575,75.24042473330691,51.200313267182615,37.71621764136094,112.38946352939438,5.303425296607836,64.49218721285034,90.33953169081776,0.23700999296162437,43.819301758167114,0
1379,76.2986125086074,56.13517972730416,27.55575289106863,102.09659415274626,6.0282717824147705,54.901933068091175,70.84158876396987,0.3299269056048171,39.73446599151545,0
1441,70.47841687447796,39.77207434801595,24.401912833554945,95.08363814367952,4.434555782337042,60.344410117058416,74.74345044180328,0.29010642293090594,37.24509098230875,1
1379,78.19296229388686,47.42623462576655,30.70443123455602,108.0712259663731,5.236816038405728,35.1167264658701,87.48715841589814,0.29311117559434885,40.84007670266264,0
1870,66.6923996886552,33.314159261224106,21.157803172185744,90.26453800295532,4.536809435009231,53.41751587666152,89.28851171768866,0.1791886472103677,44.72605767305742,0
1497,74.66960100676341,53.992231226052795,31.615838570923906,104.7635776935622,5.277756323171124,64.53508712554468,79.48284387854858,0.19244231317235655,42.50415795502106,1
1288,68.94491900118771,56.47195939702741,29.261987068506656,105.05470159166627,4.540656744256953,50.177059657453206,73.80473648736678,0.10804606702572864,35.6076309932897,1
1664,71.7408194609892,45.16813537700626,27.66981749065879,110.6020990749888,4.7913165931974575,60.58984221589597,90.4792175090458,0.2095309589458623,43.7122945679631,1
1255,75.23699335658208,65.73986763290033,22.02648466366602,127.59660038911078,4.852455042881047,64.46872500802698,87.97221195874599,0.29783515931928295,36.81206228962018,0
1541,70.69793317358024,37.74234336997659,32.568000532848586,103.92415967178766,5.487908359672354,56.57450799142235,83.39473493881117,0.27584732578741855,41.08341559482143,1
1108,73.07722227885087,35.3562511979018,27.336495801690443,94.91036374292501,5.459227221971207,61.70463770996571,75.9379882553129,0.2389243368523938,38.48324966261433,1
1234,80.0314640460722,52.24451818559972,24.15041582144856,99.74425687808005,4.377141311776808,50.372674347153875,79.75485329580981,0.24888498581409735,38.90566874132187,0
1539,72.11554065238425,60.470983026121544,15.638688933591753,82.30924095110882,5.027467055499924,57.93388720303953,79.19819959477584,0.2155557228712297,43.83121487520255,0
1647,79.1784605603257,66.83927691457869,29.862425474746818,93.05286868910942,4.645210072625414,66.10216169589222,81.65425652307789,0.2602379441200892,34.79903140092051,1
1534,69.35146572671191,45.4111573713106,38.86125798334872,95.90717561886896,4.370747544662333,61.569729609684344,87.25500719065668,0.28829391397403076,49.72597537138466,1
1476,77.64902088957642,60.78680833431296,38.30629607273935,94.75911602065408,4.891491474787815,54.13468730436065,84.39708520568702,0.16920566062947634,30.89456965352752,1
1439,82.2078431032895,49.61491530499293,27.714518717068643,101.52354872033722,4.84575860577209,62.24216404290793,74.61311961507622,0.2649823843918674,37.01166158372571,1
1204,62.641777499363556,48.273727000591805,26.988939698191096,91.775800676178,6.213358243172761,67.14609790636618,86.8824822500977,0.29662174354773335,41.85105944970871,1
1356,71.01552372264761,58.83659937486672,32.34387128037512,111.21030667324472,5.216479912680348,39.50058721422522,81.56566070006578,0.2292449855518315,42.92157083217655,1
1407,77.8853606359027,56.5232287841342,25.008072804058543,100.00207064918197,4.3111912496228815,71.59074064955898,83.43532897929458,0.2850350306060292,39.49762139714147,0
1711,73.98477306978504,34.236078430157505,31.50895949909733,99.90699678861385,4.717612997914529,56.63745261318928,87.33270429639302,0.39073272222362765,39.71304648499229,0
1568,76.85572936685655,64.76540349725896,33.83040139192345,96.72105283487082,5.510691647714699,64.2548993324023,74.44209875243224,0.2447828603506554,42.052750426638084,0
1147,71.9800740664209,63.800913541474515,36.13466611942154,101.55190683858979,6.0442213864349625,71.97246923645228,79.82087210646769,0.2696653525002662,38.8446526127116,1
1564,75.4329489373645,43.74437298490471,29.499229617600236,108.25098264667635,4.207008343881021,46.28326302769534,77.34272724320392,0.21309714581693043,46.96590628967453,1
1422,74.2216138230396,53.95803533437409,28.98163124911517,91.32869784289099,4.0600378074304775,52.90558997572453,72.16070287317272,0.25906255813010254,44.19674557115801,1
1364,80.83891030829903,54.94030186282739,25.610087066217194,93.41883510924744,5.935482587685891,57.11451304124295,81.7335498880246,0.2730135812491152,44.36412175502817,0
1622,76.27210421650607,52.60673765823907,25.8655982298007,96.96273971223336,5.194807088685452,52.16246478875571,92.55778275792211,0.2597421170135069,35.16921638314791,1
1706,76.68801331037601,44.4969484615458,28.867605540492367,86.54129076526785,4.565853634061817,77.34936575836808,70.79961127747123,0.19901523401455717,39.60305787797149,0
1686,72.94061516938767,43.283766320619485,31.83682753408089,91.80742140278502,5.267314543061218,51.432279061732075,79.83859694475265,0.26031808856627253,38.49767025639648,0
1332,72.56196887963753,49.744459290085544,34.567923131166246,95.23779126455341,3.682126130491561,54.44453220513133,83.20271467537387,0.3231097969358818,34.97199312155267,1
1438,72.8372090609019,61.72729019259364,25.984105246598276,108.74389180712727,5.00168775329858,62.04389031602977,80.61539100828091,0.2724317882257264,41.800820919728835,1
1566,76.97226071189148,55.43600154594432,37.46344284479761,102.62561329001925,5.163910586421543,47.97850473923911,79.4343597374213,0.29809935945359206,37.31177121110092,1
1695,72.89507759589868,46.29385667913894,28.644381994787157,101.93589911367545,5.462135069768915,56.04319288243736,73.50391818277087,0.2381494014993686,43.27701914925119,0
1404,76.44887428448206,57.716987106483444,29.89316352825782,108.50897962167971,4.493052023853731,63.17453261250175,81.16393371470082,0.28749501197118554,34.649042185528344,0
1462,85.37700399322719,21.514573793699245,26.263941604260882,98.62628211600604,5.042843580701679,56.67139595617489,76.21618011492036,0.2639633919108263,48.5952030642091,0
1278,79.35562351715846,61.48765700372103,17.878798698635293,103.9046484992889,4.537287686970206,59.06613141100052,69.05039147510723,0.2024544635156384,35.518336707039694,0
1260,73.3698823391608,32.60286221221901,34.42022698180525,98.96778247067503,5.127691877837159,54.70667887551629,85.97296110256866,0.2659260502399437,41.09651168600218,1
1662,81.00606961081972,46.37559058596868,33.684219485462165,102.65362349399628,4.552326838818488,44.85529690819233,84.79192909921021,0.20041516682798446,43.95929655194034,1
1771,72.95962313489224,38.803301053738565,28.593362214408934,94.17241342388418,4.795949580419889,63.215932113392384,80.2583048842554,0.21835598625576041,37.146797848999434,1
1485,64.80937732411073,37.053185242790946,30.33495358612436,75.61182841723571,4.502092302604885,77.54933071647241,81.14537344102851,0.25946641536461873,44.262343217164755,0
1700,69.95956844541298,61.608267873785195,32.5796960885205,98.65720837813696,5.325568120911829,60.18401630783438,85.37159006357781,0.2648622136690062,33.85408201099792,1
1572,65.64604039487072,45.32298798688109,22.187270715567287,114.2274813609994,5.429225558328333,62.25264117247549,81.12169828389041,0.19053837674614355,47.2605884959128,0
1370,73.24243257979346,53.46503881730716,27.354736613268525,109.26215402241593,4.882689715021293,66.9272275511686,84.52008777380657,0.3026992885591438,40.07074632482879,1
1572,75.09209189594776,49.53079421120816,33.971323398109135,109.6539748459117,5.019118997480014,47.30669503453301,78.51258899563075,0.27860031391502366,37.0179429601556,0
1807,83.38218656137641,54.770408272231215,23.728552884153753,112.36130721806218,4.275704292683228,77.02514658129606,86.55991869286973,0.2147635782194558,38.50409113786283,0
1492,76.63463686882082,50.768218910602556,31.467789660833148,100.88657590961438,4.850161675996606,62.02328796422802,81.60392862966341,0.17312076017754124,44.044596346963594,1
1812,73.90449735595568,37.1700777581143,23.217090976882975,101.97315707405596,4.974897691479128,76.3185689908911,80.97025971802937,0.24275477104592844,37.07772354074781,1
976,79.14702790591744,59.9626681944714,32.33214991216763,93.8234810456565,6.310396545514988,52.66967004476011,73.64969455643984,0.227702814306942,36.253211552886114,0
1664,63.944323454960575,45.06243416838687,29.821792588512583,96.8392714397295,4.444016487112918,78.18061922557825,81.43477927150855,0.25565702285265113,38.89231701208131,0
1517,76.17807279054283,34.434181013402494,21.924340920472453,106.15771149771142,5.732088619376219,67.75155494034783,75.84022541252774,0.23184416694222168,34.11518943615016,1
1440,78.85432596943484,45.718848390340874,35.82369677228586,112.03884437168816,5.498429386732904,65.53040085852358,76.80858636735753,0.1496271569627495,49.10271953970908,0
1518,67.60706877110078,65.00759790634311,26.327042116009753,98.60553724319,5.140318202245068,62.34024454353148,75.92312185841939,0.23058265308494208,37.16802704392639,0
1102,80.71877021603464,58.50221742113493,25.948737814928094,95.49810735148588,5.879310242097567,57.514713819255505,74.66882534050387,0.23471904444658434,44.158083930902016,0
1456,76.69248203747208,46.51347865592141,31.002845986154714,100.00527958856597,5.186052736303432,72.00531658473872,90.62385701508481,0.28168305123870296,41.047350418238864,0
1571,72.923560430496,46.50742295681571,35.743186747143575,106.01206748929116,5.194579597833965,61.40359869848047,86.65669530994202,0.21509001626944751,35.077329747590156,1
1795,78.16390933053142,46.783649487826175,24.920890905108017,85.56145183866458,4.973439673491227,40.32930296412847,89.60183751072131,0.33393373366862833,39.970226453936355,1
1396,86.35346428902199,70.76747983560841,30.30839924923986,77.03819046862762,5.611784441209314,48.82813538292997,73.88552490222219,0.15441797246741212,43.92001389655374,1
1338,75.90933127529247,53.819354522315535,32.14408250165287,94.49463150508416,5.548234616905442,58.14154247807253,80.35626874955446,0.3155583748901312,39.058693324568466,1
1399,76.24110293150169,54.300416471910694,33.46552803631572,87.79287574085842,4.6871613562518935,63.09998983165555,73.53246187397951,0.23878405145609477,45.96556472925514,0
1683,72.70319550229878,60.30283454031842,30.882207776386124,94.9185980235269,4.340376402700616,59.43411511100104,76.52152561401468,0.2929792436171778,45.10757696390932,0
1565,70.75077815267605,52.387891590265134,28.164860804583387,98.52219681182528,4.898509681302172,72.18970789793663,75.40936508291712,0.2539900742029367,44.59457427329165,0
1394,79.15167908272123,47.40957854179297,25.862048896756402,95.46751590976987,4.599980717801177,40.48898135961375,86.1979200322078,0.30697777680127347,37.701716138635014,0
1602,70.71958087045566,48.03650150915022,30.430719415231874,114.52467534470745,4.968237712692322,61.435879365051605,78.01885160949121,0.23063190177235943,34.60078776109256,0
1519,75.35783118609696,49.283987405859364,24.639304940071966,103.2674476460232,5.618719067342069,41.82020774612845,85.34189666847008,0.1950689787411094,36.93206197318603,1
1693,72.61171276617442,49.627777634901584,15.393247582526964,103.00474359610828,4.771349172456605,67.59712295484168,83.02060444794259,0.32102521436355314,40.9812047033336,1
1359,77.39489912873196,57.2762954363698,32.18279902078834,106.22207144043402,4.978588309344213,59.05541285557997,91.51819376052394,0.24432596770589293,42.72893356766178,0
1434,76.66831052643474,50.519458858072994,34.519674205430974,88.61166882219231,5.029011367404197,64.19609972024118,72.60277888430139,0.2610779236812105,29.14214297619776,1
1421,80.18769972128949,57.32640077215579,18.18533782229081,110.39111787420269,5.424215441102643,51.36117039410234,86.29616619893399,0.31173759570223974,39.959433991941246,1
1207,72.44991800572626,49.19283419891418,24.95134647645031,99.2423571346454,3.8765553330076976,72.7946493165775,85.73220435200363,0.19840223789527825,40.79044612661592,1
1559,73.65062532353315,50.786351903160906,33.09577130502599,106.70480617241212,4.696649852617352,70.41724664058852,75.13310580986483,0.27977454488196285,38.61227871842224,1
1552,70.10618142108846,30.017993154678923,40.2874773485585,89.28142766959844,5.105641846139736,65.83544303011888,85.0356666823658,0.22050526217685545,46.4563691950794,1
1501,72.77853369961944,59.16327674702482,30.10396853837704,84.46241233983936,5.60003947821343,58.704827531365595,81.68072481513114,0.2433915322177814,42.10890037125436,1
1453,76.88650246522425,53.46488475897993,26.35998529385433,108.17889658025028,4.754048776246897,65.79857285295132,78.86261870023296,0.25361394826921446,46.550959540404484,1
1216,78.78494308322676,59.98010109859652,29.0855177944758,103.76409526097517,4.061723646979063,52.93107432012651,75.88032256514,0.17498890692765318,38.92019739824884,1
1415,70.38917337911187,21.037446218063106,36.87438209574093,90.9794844564249,5.309855722983068,68.55555659020712,76.40445274275407,0.21105814785897825,44.68738746253462,0
1431,79.3480296005283,70.88374704780728,26.770179104377323,91.30336918725305,4.682318805587185,76.4948089432392,90.24906047892964,0.31755364462065694,48.17533197263759,0
1339,81.77818929402476,48.604103718448265,26.00403996674873,111.2543478441477,4.405166670454819,70.70610559979187,80.00341409478742,0.29430955942923975,46.55846724636331,1
1467,77.0671745161185,61.081828167375164,27.58628238908984,88.10588107132672,4.687827305143388,52.70397530192591,83.9106500076573,0.24686802113363826,34.53929203285634,0
1580,84.38397906279033,39.60094072874469,25.233356958706437,116.42672953255963,4.907737321172076,63.61417317273103,76.04550309166224,0.26215617292564464,38.73161961228809,0
1877,71.13105400448214,56.1277390506257,30.613351579973976,90.99379265352131,4.6976276677308935,47.06858456241352,76.10073526889181,0.2352878747181771,38.274176472751016,1
1534,68.77672648344291,39.46584436826344,38.1233922923478,106.38391925608383,3.897216971450465,65.72390311175675,85.40992404624971,0.3178291692913991,42.446272675381636,0
1551,66.10639875547861,43.76231039304195,31.615396365580146,96.71381524251015,5.4485330984435665,64.50603412862539,73.25211894224233,0.2399823711102918,43.431767775072665,1
1485,82.48022155744592,69.14031353866787,28.738232489368563,106.03187431082343,5.637437520639361,41.30183660467836,77.92393116047364,0.2615921046067424,35.80553662987132,1
1116,78.27182828177028,48.09317599236653,28.54094365542228,94.55885997885807,5.325760995669753,48.38216156087636,80.17013705536117,0.30730150720710325,40.33919256958469,1
1494,74.72207664544773,52.17432873179723,22.184045956516716,98.37207093927705,4.431157164787591,57.16861103256233,80.55686300920026,0.21113142575770466,29.900363339219318,0
1512,76.3998431315991,58.70067730688754,34.415548885735795,100.40919175395722,4.899254233026241,56.991402528591735,79.10453357491922,0.3279394592248447,47.20972502900945,0
1992,69.37255476350812,54.95681887972604,29.61081401493599,89.97812544218527,4.996739342385271,47.90523064581195,81.97909890547962,0.17347692951283117,37.43812879661653,1
1461,87.22875989808414,51.504189051435766,29.09760043204687,107.40824345420125,5.299397194780955,63.889787293521834,83.46427877908906,0.3314821065556399,40.279319699222484,1
1560,75.64610590987614,53.64961002466225,45.965537839224304,94.86786433528415,5.33417024435904,62.51473608940512,83.67318772729665,0.23136622080240127,38.451751430059694,1
1493,75.54697397302446,74.03415585238275,31.49376454182843,97.71400084659982,4.632913100610752,58.05730868021481,75.07098095666086,0.2378650626087359,45.73013787506707,0
1266,78.62883311949346,49.42381202966415,26.24104474952408,90.05650625391488,5.04099777820678,52.44208499841637,78.57922451035601,0.15549949144085284,25.812467793013106,0
1728,77.40504615868356,52.010990467149675,27.868212018972283,74.3766634120469,5.228640202307621,70.48707126416564,85.9738143093847,0.22726026413111536,39.916948288370456,1
1650,76.11942012139566,60.50654396007612,35.74222854598378,98.08972237399831,5.727911161073383,76.55407113088296,84.47323593786936,0.19800967344865578,39.47090621251151,0
1658,71.04762772277344,61.05525932957984,30.56635205268882,124.12615421612915,5.352253269912362,55.16438516153463,73.13570274259467,0.21961768273132637,37.73181806204158,1
1318,77.35734178567998,61.8703030556038,22.808610108413166,107.84604287898024,5.394528343687759,53.878330828451794,81.75739950176101,0.24313445171055603,48.63113272817816,0
1780,84.41012248237517,56.38730222029184,34.596144672876015,99.80739620265605,5.04191331396468,64.91207665411996,70.10887375312595,0.2978895807236453,35.563352705721144,0
1219,81.7271002307749,38.569950872695166,26.65927957230503,97.37109170791733,5.705229572601752,56.419706202530136,80.23467451030184,0.2603801675700313,43.85898088617831,0
1617,82.96593313319698,66.33431532301096,39.366488881087726,100.22465892812046,5.204881397979749,58.60602799336766,89.48883508372988,0.2653838326700557,41.78126394353042,0
1938,72.44392161784407,38.53654606981312,35.40024032857324,105.4711911517521,4.569456044913215,67.39653151724671,75.26053641365507,0.1952240305577219,46.30759626267758,1
1301,70.0519758987071,53.02635465239033,27.763390521706246,88.19187184691155,5.701684985062595,40.906439124927076,75.8283847725421,0.2059622955198635,36.66405457611247,1
1386,74.37106539950176,42.45724149980642,36.40508180867556,111.14321694668872,5.348951636269514,73.1830232485267,83.8201489078643,0.33993625091756563,36.335155504381206,0
1519,75.27862456144348,49.35861653407007,30.339277552637018,107.15381315441245,4.778477989435759,60.72680524329341,72.28599242395177,0.21323994826183768,45.48034953738699,1
1399,80.47095759235474,53.2876241030348,34.263868375611096,107.18185725707934,4.760253516300378,55.8850685543782,76.83622485057481,0.3328104126028648,42.12660654165055,0
1189,66.5376768514259,53.21357215450273,32.42366408647237,104.38475738809727,5.148287772570381,59.10765845778551,82.98220568790876,0.23784694005595666,32.27531326661621,1
1513,82.64775159730307,54.21920754235285,25.768216725045633,100.1961665769399,5.231592397633793,59.62429355020519,76.82857076155298,0.2501143968071752,37.303474927683645,0
1287,74.20996050710505,66.13711269058646,26.78225083841269,106.7286123596682,5.098646132815603,42.68798696555075,78.82015006394514,0.3035182580114965,41.931913269240304,1
1594,72.8655946502629,54.5353430151398,35.14980408790581,105.91814133741379,5.155654336721442,74.94938227453235,83.72092855157517,0.3135946210969328,44.18882110773295,1
1316,69.93947812369916,47.558433647093516,28.326123339467294,96.45959289058976,5.84997868728819,60.41325632270618,82.1077304176828,0.24445937198604561,36.60384673403522,1
1809,66.72571664067115,59.64087168288357,27.981757683790015,94.26398227103098,5.535771576117443,64.43002130447375,81.33409198147702,0.23058784732392307,25.428720050915295,1
1343,79.11585291980957,61.894704889246405,25.224387103253235,101.01856295261987,5.095317795632512,69.51549770574043,78.30438860364981,0.24720397757388934,42.61611592868517,1
1435,75.36658983594202,37.72392184863008,32.11799532796731,115.49020151495188,5.470655290383742,49.788375424396996,81.85030557634478,0.2668978764116059,33.89839655028012,1
1662,68.55019550129472,55.97400069849858,40.31262459621573,87.60892924346099,4.48373804823623,64.73471899035229,79.38133659950121,0.2945651843434878,29.913306009387945,1
1253,68.52460613968192,57.01172742310898,24.662335428728635,85.3247473424756,5.198963524973404,57.32358909101207,82.28902804962893,0.25021149294970757,25.838370375079297,1
1545,73.32107650354936,47.02436496640008,30.12109728336379,101.64760841236517,5.904653174866555,68.46770775216494,77.5153398744101,0.2809443149011577,44.0699043009887,1
1761,83.34510762644696,63.75706813311619,37.061102777077146,100.50887701856018,4.890977052303813,38.727725796485046,79.0871551281023,0.33191798661354704,40.643087252024834,0
1178,73.70204324318198,48.499444129674735,29.601793043771423,101.73341664370409,4.576183035690457,59.00905699758731,75.05021103723993,0.2690654806132392,38.87171809643874,1
1536,67.48428523440947,51.255764534715425,32.26185898124867,102.439531979085,4.673955555703469,53.97179344216038,79.82496194996882,0.2655826428002389,46.94512181481381,0
1551,73.77128467957027,48.2692817571613,24.688032359265602,97.76797745365195,4.455183481328806,64.32262950634156,75.94499568185577,0.1740544587454966,43.18662341511536,1
1656,73.63638215126164,50.155790475814676,32.141535486038244,114.89863438602082,4.607619045936148,64.70044187368202,74.42976774919003,0.11846349315854682,48.08150021360959,0
1252,61.515566785292144,39.037249131047986,29.064278674977256,83.99096021523485,4.814745950704985,52.92374105177974,81.29330573927695,0.2694187864615084,33.03632263916502,1
1235,74.72852566741093,35.59949117405706,34.928649978399314,91.71502975219754,4.297216490410679,52.87826135823956,81.0636988792883,0.2452587884359564,39.827246880230184,0
1604,73.84532734895662,65.94505063224972,35.936930257823754,98.96745239850952,5.007809166974802,58.89334631442671,83.91436867474286,0.2242608662542629,31.91643312525993,0
1559,78.48103182406709,41.53038651681672,42.94781821009307,83.56811188845833,5.4511385868933235,51.033577726847916,77.8443721521245,0.2621765102093172,38.853088340722664,0
1550,84.24478047472672,40.08607650543693,32.89816586606788,98.24145595567929,4.54612190992654,68.41983695452127,82.04026423418378,0.24697981354015458,38.756920731166616,1
1569,80.63282514773879,28.466098863962852,31.628981582910832,116.61470165728018,5.7596419618208845,56.30792799552554,82.75398786136832,0.3063890125316949,43.133068186315356,0
1363,73.65555654722584,43.610382523104974,30.97192150788668,100.20886488295962,5.255396044263797,30.930117806783585,82.22386903915798,0.2543055434129489,40.22781940570949,0
1546,69.46737045629165,36.76910206592502,28.23416853594656,102.30700905718683,5.515290292812029,56.25177943378194,75.8717315859893,0.2126538357464916,43.11703569139958,1
1558,87.8667990162493,66.4201516013637,31.692419217308455,87.3983523482742,4.671082723073932,49.61456179156028,80.74681741135595,0.29950831194796446,43.517200665694475,1
1357,75.29609217007244,60.09817089342634,28.522992949304854,93.83638591960522,5.4272626135333075,43.687241845390545,81.8207014802733,0.23914344625268988,50.77464338691571,0
1873,75.06964645956474,43.118496548222765,30.84230488134807,96.24803619676064,4.4540330498023435,47.62573361777427,80.03589233453971,0.27632683418361537,38.42351672356938,0
1594,74.87937456444999,72.52435805344308,36.587987678039795,96.82284903243766,5.445123750418254,61.094084718329704,69.56761170814458,0.22612946469035997,35.294886496668106,0
1261,75.99042380383928,59.81765486991594,24.967287173601793,112.81643795003768,5.085919669896765,73.28640828248231,80.8024481198674,0.21750865572512817,41.23041807658204,1
1631,74.27819794038028,46.75168616491378,35.699392805645225,105.57691060725125,5.276625609992392,63.131844738649804,91.06265519698621,0.2542084115092848,35.98859986430228,0
1305,72.13168996559882,25.00594285126427,36.58557533669933,88.88542043062968,4.412202697187574,53.934966117842606,78.19980365621508,0.25064143217718426,47.40980384218268,0
1657,72.26570529379804,72.90942572590743,29.409657365044605,102.46504778432005,4.552465078861697,64.55904195170703,76.35961451072339,0.27399135176834166,38.583909805273834,0
1731,74.83623364892001,36.10427533236404,19.390725504957025,104.98221748496785,5.298614109126692,55.40909689781008,81.86674279855698,0.23656771233451288,37.17211816063005,0
1335,72.28287614433117,33.546012530431085,26.960890064527838,111.40149038521267,4.5258259978879,53.05399630836855,81.56189105233285,0.15818201081148014,37.64342139424441,1
1692,71.43577108661418,60.225704320096405,36.484972732805545,115.80540686568374,5.231603146049562,48.456373317670156,85.96367582708207,0.22836130582058056,43.592087117358204,0
1582,75.53215113845948,74.39752406339272,29.88565968850559,89.84905808172131,4.316431096769877,42.48171193248281,73.71065922045557,0.28969092335719077,39.21126508384258,0
1664,73.72511391289572,63.84272818510518,25.003488838525445,91.89142488789662,5.424087106333334,56.100762934405545,83.65690126287497,0.2351311960378447,36.79166589934809,0
1879,82.51996494291345,55.639091200523595,27.47612539385891,87.42422141085383,4.383738342615746,61.58053489920132,82.95211030625731,0.2376808298742726,48.32675958811765,0
1450,61.74515095803494,55.94754341665286,34.20310013252276,97.65980140893019,5.2761499688397615,59.0337632998511,79.28926731529727,0.29931882529529685,35.71915079669125,0
1349,80.45753425961232,58.53415558780308,32.7336678410069,104.66358374446335,5.312815466823,55.84033072052641,81.69343658960845,0.21440133863705385,40.17783037016497,1
1322,81.23042596248814,57.589285897867654,28.80533950415153,109.87334516589102,4.651614090785213,50.542539393032186,85.14728740799178,0.17285983908785502,43.26153075805115,1
1336,64.63304883795925,52.811914239693756,28.165877940926563,99.24048976357477,5.291013283542363,66.08246191684968,84.36157690014225,0.24196844402372528,31.843324447914632,1
1484,73.28656202959826,51.04201103951876,28.04120925478089,96.80152476745155,5.130221131666778,46.82868080053415,74.28490343963136,0.22579130243756315,42.40130250702963,1
1568,73.14279567002104,49.374068721004775,25.387949077507486,101.5175799224874,4.730579071903631,67.76027913843475,84.10079093377742,0.2016876840123373,34.72446162259775,1
1555,67.9624415264109,42.46035411133324,38.07687844734721,91.64857098369977,4.495722657961896,49.97782981073275,79.67655697483741,0.24123107720506545,44.11391390417001,0
1665,71.11091656204562,47.19324923133226,28.3883976539433,120.89538721694774,4.01868715416371,52.47564762646965,80.36437049007758,0.2745752823623392,35.18674494040512,1
1502,69.44712077267086,33.07043185804615,36.085792604127484,83.92338972881942,5.174825023649847,45.33214809384323,80.36598495500847,0.24953557192160922,43.4638451592443,1
1790,83.76135221711812,49.0166037320525,37.60658025961226,101.84740578895725,4.217598614318972,54.98597853114363,79.2487850560087,0.2653490536343119,45.529165331473564,1
1447,79.6783919657373,40.11408892849083,34.9915544907398,120.2360621922964,5.047672099720654,69.75312458477978,85.95853748553533,0.3406703849257712,44.30718262816403,1
2044,81.3577754749708,38.964106827842286,27.841898436409757,100.06799844559998,4.868275891958875,65.15628088443957,79.58141020075394,0.2328560569221218,41.25658324119051,0
1625,78.60836032021618,51.798941511534785,32.018650451683044,98.09960964998506,5.339571387719098,69.78422112028035,74.40226935808415,0.2639174317322335,38.8434952853515,1
1328,69.35474114391386,63.92002286344599,29.879021968045418,96.42554577189573,4.848977250255068,65.22142545933936,78.03235072015136,0.22453933187004327,37.11790211832578,1
1285,72.37739866860113,59.183166060023126,25.48149069634936,98.19608318237592,4.835276106826455,48.96330171469631,80.89347358405237,0.20768201400565134,47.35517345408552,1
1596,77.4468728061396,34.29499396376823,31.621796408608017,113.7284847467653,5.365935352144148,56.692107756724425,86.14607392148525,0.2207546173291115,36.50252389916179,0
1455,68.88936095554027,40.10371863429663,24.10480104420099,77.88138088670493,5.167529014542059,52.19800870882537,83.01547342474417,0.22606207142391557,34.81466963215002,0
1642,78.56499215086194,59.40771187988216,35.93839694230782,115.33433701296326,5.158077978591389,73.3057490403904,75.74732360626479,0.26797378987735626,43.32684467516415,0
1594,73.79837300920933,40.175126064616904,27.676913513508033,85.76042847549854,5.234633794904263,48.03211353573688,92.42594958339446,0.36745378933503786,36.019315984067525,1
1485,73.12589596225202,47.753668500029754,31.005798279364196,97.33347670765585,4.232213938396447,68.93697689389111,81.32387655488989,0.21419782818620797,35.24968251266937,0
1330,78.55479984101746,55.50052099024552,31.41643935773071,95.70755579701338,5.378394339993491,68.9295387010877,86.37695368999508,0.22916873471922689,32.781978689151174,0
1197,77.2213165574302,40.31655545136365,28.705475131479613,105.88553269770719,5.3062343970068016,78.29620201716088,79.24142783211386,0.2468438493444376,37.58545080269741,1
1410,73.1951691709046,51.0537550614596,32.933469007376374,84.01875648116253,4.491658435711751,55.903134073705026,82.66679622352724,0.2697899424354874,39.586424880517534,0
1671,80.79664901682123,36.65974505081795,27.62548171688738,104.62172666081943,4.8779597631629,67.12322159580162,84.19734252259202,0.26317754059773923,41.215458638303495,1
1542,69.59468336200051,43.98632356048786,34.35648648728622,120.24309623286852,4.9803463561861845,82.81651836538842,86.09097355877128,0.31420478969740584,44.75653122149742,0
1250,78.07967803472133,53.19781934142537,23.270101598766257,86.3682599540719,4.932751607799133,53.82358323066303,85.28684152689112,0.1286803964732396,42.63448961832897,1
1534,77.96550628984193,34.070062664683306,30.63189789773206,101.89706167610396,5.166929983284267,44.6495975246764,84.36098500036489,0.13065350649021634,39.0456389022341,1
1577,73.45226780343005,54.40474737960399,39.694644995291426,93.3801782220339,5.715683390915592,41.19989966092236,78.42456634402946,0.22520609139949255,39.0090216181014,1
1323,76.63066511121059,49.803622010733186,24.998343376972127,104.25887206193036,5.540883363836414,67.12712028861331,77.1412697902197,0.3048650093771854,42.550787344575916,1
1530,68.74443211807349,55.524899544171475,26.611275147375743,100.19147777415752,4.343890403284297,41.168497919414165,81.66303755162099,0.17171759841972017,46.36285081464285,0
1511,79.6201350960345,52.23914134064661,32.569539248294575,93.58513090955691,5.311034995153024,56.27680947062077,84.66564036170534,0.09961838301531212,40.631570997416,0
1271,74.07548931778506,63.64140429973844,30.89790890969799,104.87872284871074,5.6644666597677045,64.37313187038961,78.88639649611696,0.27855897031096044,37.65434572894795,0
1571,72.38638489740481,51.25224502647907,31.753150496367795,118.04348109786743,5.193404260344601,61.85175536829914,85.32585982857194,0.26218286118513573,35.035669994572274,1
1612,80.24504612918444,45.70594458874747,32.44593565073832,98.09096208272702,5.545490212592983,64.25444864184172,87.2630837274309,0.1954895796600285,32.77397367793887,1
1716,71.4782815472862,51.222975030322836,33.17360734280885,107.19757942148182,6.006135222850382,62.22289855800854,75.4183954046329,0.2007230199639535,43.33134836021762,0
1710,67.9576935181822,55.43298029036388,35.54849920978111,87.06727042128836,5.511854773053491,72.78865813313394,75.8153964810186,0.20151281401826626,42.889892618197784,1
1224,67.21685413238048,50.48860070325704,32.04909328464257,90.43563623181991,5.1246542978208645,50.476836192612026,79.29812470547331,0.255526765873697,42.88681762553331,0
1312,78.0300497567282,50.405916912038826,28.793711726907286,104.72406277880377,5.522544237042377,53.23004861541469,81.53806334094598,0.21868423619084965,39.35670276823972,1
1603,68.59785323751859,42.980083121932445,33.362868506013655,114.84116028535965,5.072443916548446,52.27340554729176,77.37716493116474,0.274703195948776,47.03467372945875,1
1602,83.77397090992183,43.37099082449052,39.49940967447608,103.5561334878566,5.0119515216424775,68.3019181186261,86.76101339433572,0.10726866685478045,37.579407527075915,0
1603,64.59035296058138,35.97394728200307,29.33683126808713,96.86941969476845,4.8242928821431335,69.00398588395063,82.12033430759226,0.20715740674361002,44.77634618603603,0
2270,83.48228184145019,67.4957674318694,25.127353476646793,99.99291405423354,5.781706679416054,64.51225319318507,80.1972352412037,0.19369730195444748,39.80628552505228,0
1614,76.05508733601309,37.56136764608715,35.53540334643486,87.49592266030282,4.5907856670289995,71.83493666889927,72.82045238065736,0.2371829660813754,36.95824617660331,1
1727,74.51643444064804,43.07094802204092,29.398094180232007,106.04515326355367,5.766183862339058,48.21959132623619,73.42092091786246,0.22309761207549306,42.96265153658881,1
1690,72.27540456595526,42.81592734430802,19.13665226992982,108.82333062323409,5.249932061870186,76.67224111551137,81.40504625140903,0.2898921889947883,42.04818059341997,0
1630,76.99568057176036,58.949243769444415,34.23710838575211,95.4790966716692,4.3003469125990295,75.23238621712258,69.33702186922582,0.15703316141699714,41.78486379633463,0
1436,74.81182648787576,47.05050321707972,27.323359070230385,95.29957852240499,5.183824646495711,67.35621997245747,85.06318704822036,0.2522745738165376,40.406392110281,0
1651,80.5165094100826,62.477420726737336,29.547333588479198,102.65878229652049,3.949986746174188,77.8179890877106,79.2092307781384,0.27791682116058525,39.810534591415845,1
1345,75.5711382433102,43.26509375756132,31.659901652845072,95.63280263959405,5.312754008415518,43.43376792322226,96.21546484797366,0.3428323718280977,51.94185996435219,1
1452,75.75150880730939,52.78994162223802,30.952498398895333,99.33867385374178,5.442615741494495,54.755518637373484,91.53958125308056,0.22591170144532624,45.921283225980865,0
1402,73.18193893893073,41.64652946740243,33.547259085695195,120.99721789166516,4.7038220221739735,52.64696539318048,79.09275465376241,0.26622293021762583,43.61413447492756,1
1516,74.71527188139466,71.45149127773388,27.822568147150783,97.52974299254004,5.061773847977791,67.21479323757343,79.46831498734342,0.15980686037188174,40.55899579101694,1
1962,76.5390088444603,38.12401580970487,32.565528990880416,96.41659847978778,5.977078716875143,49.498592603978544,84.97790757001015,0.1304021897843488,45.03578600298334,0
1126,66.44915803671687,53.09820710227027,28.702266612080415,93.52458194364841,4.747126647869032,67.57495149337485,88.5158630495902,0.29223871878908503,42.589973881957256,0
1637,68.25907288947144,56.337768809320984,33.694052404437514,107.44191971499937,4.4705462064717,73.70536143996713,71.80985471281991,0.24972198531759648,40.131023763870175,1
1177,78.71632047011357,54.137990974514985,33.07683742006527,98.18775826781896,5.7408317012313,66.95202900084,71.06812267322657,0.30892563448992116,38.48217837367042,1
1405,75.85432719063971,48.147123411222914,25.322806489777022,93.50626961678574,5.981293595265397,62.83751023661501,76.8898259722281,0.18132985555151254,39.595413311686556,0
1717,74.0800833182366,48.70179300266574,35.42991058087516,113.21304032273012,5.001847835923924,50.121266590992505,82.91368791586932,0.27599510697643764,24.147871320609724,0
1512,75.09216966532696,50.438114719791095,27.32018277442976,114.19603004513637,5.505731517704178,51.53149033874635,82.48436795253798,0.34344089202719263,41.05300419648821,0
1284,76.73790852680835,48.529979983715116,34.040288991405724,93.99576434261294,5.67073795776544,72.49618905296667,85.34885727491925,0.2709852804178633,37.5576195994482,1
1356,72.30120159845319,59.638791167949094,31.836436567006704,81.33460048639384,4.628757883730808,67.79349003905332,74.00151235817346,0.26382907527955246,47.96334999141442,0
1635,71.10847637298843,72.10523001591352,39.190918383975614,110.07513689836922,4.757347082316066,59.60980480622456,68.41928068515561,0.2504278040412175,40.096720354058775,0
1353,75.9792262754884,44.425082149921664,28.88267008814074,93.15370174239996,5.615437256577367,55.8209045423411,84.29007097651072,0.1714559271437044,34.05518290232519,1
1543,70.10813611192484,36.301970204209226,28.253416019409013,107.90625599162769,5.842507139354255,39.74192126888623,75.85901863517383,0.3177786467855174,39.75059922935941,1
1509,77.04126377857236,49.117179516487454,29.902901970561338,80.29896182288164,5.281440430087177,49.291475813155614,69.90756067805681,0.2194571180097467,34.76939457468748,0
1369,66.48708197881079,75.79709337654319,28.484101085828623,108.92597338299309,4.560092823248973,79.11419087139723,80.72531872979691,0.27522416281915085,42.36703707856233,0
1928,80.14577818662822,41.963254320302696,33.99970950971025,87.8882807071922,5.993530555849721,47.195444289975335,83.96587844109338,0.1718482846714373,41.45473682169742,1
1626,77.36298741206521,66.39116805444067,21.91844695781706,107.30764119066525,4.734514551094017,61.89479821221081,79.38971433939362,0.19102701677461098,44.789198155541335,0
1094,76.28014867156938,66.77700814076441,24.73158790426823,100.14273067836434,4.832431109414274,70.07443973195198,77.71075806908755,0.3217543699611118,36.045591041527175,0
1537,79.91345491972757,44.46411758292005,24.660985392104035,90.46060580603356,5.1711689172448105,47.450773319977074,79.20318883927047,0.23263488555210785,40.17004048114073,1
1367,83.32737222231289,55.689830791852756,34.751537959867875,95.9296368707322,5.777080210357387,61.84710474781083,78.14708618799608,0.32266377380212724,33.174891022866824,0
1670,80.07185032509065,66.28396623128538,38.553066862909624,106.86318456956701,5.426987988276112,69.37915537510655,73.25976444029916,0.2460884670470741,43.50747390962357,1
1341,65.79562884334177,46.20872259012513,29.477753907312643,101.05894453115235,5.207432750180955,60.1249932190725,76.42659661504784,0.1579051113521071,42.59435590220061,1
1477,68.6021151663215,47.964196398976384,29.155891384049948,105.84412980472484,5.231644265059053,88.68403055666768,82.60639952506907,0.29460337998658603,42.47902510513785,0
1600,71.8759071115216,44.18319086051356,30.350260815565907,119.76440584515485,5.021757334321733,43.31400741121804,81.6083927068825,0.2205053841122196,40.008095156784705,0
1673,75.13045525105417,39.852432693071336,35.80939151304095,84.35758388288949,5.279069757259253,70.5872852988388,80.8402990298341,0.28493444067585216,42.073864453943955,1
1259,77.58829510234561,43.50722454933993,25.36323432904713,116.17212574968624,3.7352199611528487,58.27198262603535,75.0242575907331,0.2512605433770041,48.02169554154298,1
1433,71.37128093423267,37.760597332377436,31.191844913673926,101.04355937523214,4.8516962704651005,67.71920154836675,79.09248418932167,0.1728440886028565,38.57452871478993,1
1405,75.9338338223854,50.34083468259226,34.87598814891215,91.01215951676872,5.120660967458391,64.41307151699246,69.11467476778573,0.2582147382685285,40.693225918550425,1
1369,71.22308533823339,42.30026768941358,32.50547084969923,86.6968637426101,4.424492958190246,52.668438028900034,80.89238331942695,0.35981115710763995,34.56936850409295,0
1853,71.94241098504025,52.33785911790748,30.947908082993717,98.10879609222967,5.19316165890578,62.2899639245934,87.14428853906784,0.27464932292572297,35.65869519200834,1
1580,67.96669451575889,34.44104353796373,35.005230462835705,109.2165011192446,4.897764389506939,41.42098548601713,72.62933933978947,0.24712411234972684,40.489066465466536,0
1247,70.38383376944547,53.30880232214457,16.483838535003812,98.72450879622465,5.877737849157745,66.03247500571393,77.07036163341122,0.3037671700978449,45.519667733509536,0
1683,68.24157697191833,58.33528961608925,33.38937659765454,115.11154930247348,5.786509862607428,62.98158465990526,81.64553389355065,0.26053342326015555,38.718595878742136,0
1924,70.12063373511333,30.062643574285445,26.72962158436288,85.48824309948441,4.767097215440918,66.38660168643102,86.26421317213742,0.2604767115131397,38.82041735343938,0
1706,80.2682089830392,53.74056569847572,20.846835515717714,99.87911052153946,4.924581144216653,70.5811832508715,77.75887691849925,0.19541874139204488,37.96557377747813,1
1196,70.25300555584029,62.27668992473292,32.556012997624904,87.47606555586881,4.963026217195804,63.67619840209711,76.53874835367051,0.2616924012894799,37.32621664577839,0
1403,88.16191032418695,37.90358981308795,36.86829272581479,103.63631882624968,4.7741702619201885,61.480894197982764,70.15538428791959,0.30177217082084723,41.47485727854411,0
1753,77.46658950440445,66.72572386837703,29.31275742686154,108.868873900973,5.097512492014063,51.18931663338708,80.51719064654053,0.20819689239499878,32.51371177410678,0
1358,75.92418061847437,54.190190093660455,34.76437273601469,95.79238206318946,4.620858965556205,52.87779236350949,90.21038020071872,0.32122479106234736,46.40469788333364,1
1588,70.70821109909393,42.949881442415915,38.06139128994323,73.95786143372865,4.434692332531236,71.86734620177332,81.38679230982338,0.2454146987927437,36.672888509352696,1
1654,78.50154939704495,49.44230922342294,36.57457226792024,101.98948146796495,5.311355611950134,74.36335405705978,79.88860510408144,0.20561152442307296,43.60951742719071,0
1314,72.12181086881112,55.58326912521722,38.199822646856965,104.3673855173351,5.314764792110905,57.61889563687946,81.61041155383492,0.29988160384601226,33.65000701303062,0
1488,75.6100490732268,50.760053914124114,33.71063745535946,104.04294754961698,4.597842120170004,60.460027472532744,79.94453998025699,0.23566028821308654,43.34420065273109,0
851,87.80042269134397,55.387559924463694,30.377168194507963,112.35782191822155,5.4476777153813,50.95385625006234,75.93492813869935,0.2879757443743054,43.359723039072485,1
1295,74.51970050137675,40.79326406920634,21.990170940514158,89.28946320350951,4.684211135417335,71.72756845267445,84.11639957838852,0.23541206838707315,41.921010360029484,1
1449,80.74636663142837,51.69360824036078,28.769687559350256,106.8021610545045,5.126582619018991,66.65416823691778,81.12880761555877,0.24700869282350482,35.027857391001035,1
1250,71.48411787437057,35.8628550309502,25.783767023419042,111.92507512477975,5.410172006306228,79.4121743646375,80.08806625966828,0.27467801021671456,41.24774094799039,1
1826,74.82505754751519,48.887739386513,40.85471358748907,82.21412415993484,4.983193717648144,51.21676922820261,75.12316986360875,0.2645448528795003,34.08471907632806,0
1213,83.85400317817755,40.960923585352106,29.120570937838316,103.19651825918977,5.227370456070568,56.21992100981783,86.5175396596738,0.15022341097741307,38.73618372451907,1
1411,71.86516471106117,42.64470057410233,30.61602403392243,94.95820168992329,4.741785178056214,62.314459225255725,83.32351372666555,0.1939378129952804,45.14706550477663,1
1526,84.06224278998465,62.36093175210438,32.75742688020234,99.18477326898355,4.901766708285951,66.4648953772577,77.23539581316349,0.2964704992395408,43.98350963535371,0
1788,78.53875967727738,60.91310120594269,30.218012231862268,103.47676483538336,4.89707028455983,57.84332362452368,85.00912426840969,0.24339317055492263,40.075914712702165,0
1212,72.18766612052866,56.09138120907177,38.47525520215376,95.12771435886448,4.62671082672988,51.270389095462995,77.51214580807397,0.2238134348614289,35.12596712038579,1
1732,78.1620386952776,39.07687235327421,26.88675319132774,93.24291920838388,4.911612918442109,68.81407528923572,76.08998253744481,0.18207129923712628,43.22793856087097,1
1502,79.86277224813365,46.83591550305198,30.973037276186215,100.34152417488025,4.225690850568126,67.21135362545581,76.20148441259856,0.1960131839362076,40.096906188490124,0
1303,78.10904981108598,62.130976999791834,26.28764707150976,89.12754061137197,4.754423126428947,50.83725899436275,71.14465723455955,0.14891006800190262,28.398422008847884,1
1592,67.14887640054772,51.417169136399046,23.39988744389647,89.14174871114815,4.857562253315165,73.55442801105495,82.35771190209103,0.24493596406492335,43.91314913158259,1
1539,71.36431412087566,73.19329539981695,26.941154545473573,106.79373282956503,4.87191012375231,71.70198709196603,70.84427560830825,0.22007812097094764,39.87883583065154,0
1379,73.76240682224248,53.93317839394372,29.81481601475794,88.51205964841344,4.87925127706461,61.34296497247793,73.8577808436712,0.20167060545073423,46.01225623991536,0
1513,74.62783285449977,51.92049116490031,27.8534888774137,106.66312500909211,4.969117900069936,60.79597862376036,69.62205995460734,0.24659382874160235,34.52364740578598,0
1422,78.10336048775339,46.908835357974986,26.53789510063072,104.6259129285395,5.239720759043032,65.54057771115907,79.56965153604554,0.2681985315426369,24.116480934019997,1
1522,75.88850500466627,51.33540904782282,22.96841268164083,82.74193271209404,5.437258537066262,51.38296929743742,79.24839769864064,0.35465989661049724,41.39541929172593,0
1632,68.32327820644949,48.47530163619456,29.584472136856526,93.22435347664344,4.675117386575867,60.30031479164082,78.36651893406818,0.17440582902183932,41.457818383409865,0
1817,76.90098925502981,57.0810867668859,22.476398129844988,111.94109403047372,4.398399572305427,38.4761645539082,74.78711152664712,0.3079690521650261,31.546641861967743,1
1252,78.05292872641911,59.56702316794584,33.80027981844801,90.18834468860318,4.478977793878449,68.76455645502935,74.1388312328168,0.2986550780507536,35.10750227066697,1
1926,77.7989522396552,42.140105394920504,30.412198764672517,95.35595737690612,4.756398539402537,44.385067775581405,82.32184931773287,0.21104536303116497,53.77608871859951,0
1109,80.4039036277731,36.68767046442222,22.71224250267535,104.62060893251896,4.824039341091745,75.03419828428999,77.24724034145756,0.26016179772930154,38.47194692923098,0
1469,79.16961077274452,31.637946268967035,28.453954614750682,107.83390509282596,4.615001966901271,56.698799060335496,81.58179160768073,0.22711833753311925,43.65479488188108,0
1617,77.29590039614219,55.079913269125434,26.239217972047083,97.48461113955504,4.351941667875053,57.88333018068823,75.57375656937889,0.25928442902093696,36.74670086315808,1
1556,74.64917144270676,38.966333938261265,31.5958725520959,94.02489805308359,4.7719395862629055,53.72266093915494,80.9053137138554,0.32545655067022755,29.548485505734217,1
1375,66.69519533242004,28.47109407047517,36.702252230115725,114.22369861698508,5.0907133100569855,57.11961126077924,86.51639018658032,0.28028031163156564,39.14870876602047,0
1458,77.14809109566293,53.885786045309644,20.624137651771278,117.3889966379758,5.297514732917782,74.18531345148037,82.93082900196391,0.2754304186616721,38.67197719856947,1
1401,76.03843843581555,74.9299951743279,30.575130395737087,109.78858050781795,4.721288473445839,35.1219134346492,77.9379309089176,0.22848453400226787,38.00060880665814,1
1382,76.35789418597686,49.939290884601064,29.199336022166797,100.85318142565023,4.7935010889282825,72.76965386088187,81.28599485177963,0.17579716675378323,39.42679582246804,1
1669,68.61625712089845,58.38490774451642,33.35670038225233,91.91734278359074,4.536650845576345,63.38023481101708,78.79667412734894,0.2395765894729796,41.32134135822818,1
1571,69.59471729795868,50.81829358547565,31.065983141188447,91.69555593443435,4.984280414812612,47.929783521427844,80.03940092347364,0.31033040774319576,39.249415243730965,0
1361,80.26576426666452,49.01110346808857,26.240153341305906,105.22514105265758,4.575785682904593,49.24687606950762,78.37194473925749,0.17364160717051763,33.679969160263184,0
1679,74.80222423071673,59.190764829877686,28.40473032166691,104.18398220888683,5.2865639066206,76.76393027208204,79.17832397057305,0.19724553159116526,42.430923957809696,1
1561,78.40750348686312,47.097254558113484,26.019870715982556,114.01598592946429,4.107066754032944,50.54493120057269,81.06046676537088,0.2563133868117034,30.253141223387885,1
1662,75.1415918806523,52.673923140719026,35.38003569299299,106.50450092536138,4.820185163773769,48.46649489404041,75.03320650209025,0.20076726075763687,29.748212713579,1
1625,75.14878069747873,53.216978061960134,30.10655824335971,84.96919698240183,5.150553669595871,71.37314542364729,74.9206058650501,0.21037382764423937,43.69590247350784,0
1334,79.69141902988,43.31909546356951,39.50595342876504,110.51947617722918,5.091917258161252,63.385528762859146,73.05728723084394,0.22882007091359113,42.535101360676784,1
1387,72.41977635891313,59.92042349536523,29.696695930926897,90.01939372685587,6.3465168319902485,50.620744234636014,71.99864447748145,0.18171912979049254,39.71302317462982,1
1649,75.48060388470492,48.25040243304591,26.457966165447687,96.16028728047648,5.1749000122839535,62.16624975404619,73.9135865388976,0.2012939076891816,33.02275747622464,0
1622,72.6886235564748,42.442548405071555,22.431428036935863,102.50200206251695,4.497972701578995,49.742473163597225,80.79731253402065,0.28517139583936546,36.46044529662962,0
1495,72.82751886283842,55.365098435704034,20.984301618720274,119.95667489783965,4.952267876455464,71.00821398422605,75.53606242254058,0.1846315108884518,38.68626626156748,1
1523,73.4541393826568,41.015320182089624,22.079320284972553,131.0991855600536,4.111876833266774,70.61370964873133,82.56807232115548,0.17010639327525812,32.020530157129436,1
1755,76.11066885816857,50.281811573691286,31.335633255057417,106.06723059136183,4.9597001253516195,65.32006198821944,80.17356874376281,0.2184987510233053,36.304856709883836,0
1381,72.60625689168262,49.90881003355796,32.54362511614967,98.16803381279612,4.583471971499621,63.61661061247017,70.15747893280974,0.2865977751254923,43.2616516908834,1
1609,81.2787806278676,60.85895565831578,22.094046489839332,105.3450564848055,5.457695137780081,77.61188124867374,83.27487792110846,0.24015390960015554,47.13652682144608,0
1459,70.52696348890248,54.746982328799525,34.475191570380574,108.87655425873837,4.725229862702233,59.996863273882255,84.05399322795854,0.22677094609421908,37.90282623670725,0
1456,74.0656417791932,49.74973041254856,27.5846947415828,96.79332374442808,4.941617042102377,48.181258745791986,75.03068662582574,0.25221793987578034,43.782441771580494,1
1719,72.80134470862913,58.17766299200287,30.733965059927748,117.95211355912322,4.682221079297799,64.49473912832306,82.10095771447496,0.1627146283570174,30.429699647062662,1
1665,82.23488942176867,63.90207549017313,38.06110314127712,102.30070759191402,5.869425675926665,80.86047049537115,75.71750881295401,0.27473528268875164,43.29725620556806,1
1662,75.98277388255788,55.578103063518626,34.48419657932766,104.97743089091394,4.839378616941044,49.85240506814148,80.48835188374167,0.2691717515701822,35.9802579263626,1
1761,80.15922269734317,50.103526198433805,28.657346760470837,106.65924252054461,5.916278521739601,56.38537233306014,73.67750796522517,0.22953457629521393,41.53672808353985,0
1504,67.57219813481514,36.8816376764984,25.544038872923565,104.21586610614456,5.407075881059133,64.16446038101452,71.03446773732712,0.30029622558982083,38.761237908801455,1
1636,76.33525132934629,39.348863369246274,19.240922993353475,108.38940500469613,5.241033363667693,59.46095150994261,78.08591405193516,0.19362519505234807,46.602070048919174,0
1437,79.44815397811719,46.94775295645332,26.4042334037879,93.82746813453076,5.18436657365876,50.176964196226855,79.38135526862582,0.30639544966267845,35.627821758300406,0
1564,75.41141994637712,43.90487797840717,28.944348805861527,94.4169824605397,5.1968986491081255,71.21857856230471,78.01160153192698,0.25772468327976256,43.13803148780916,0
1473,80.32740187532676,48.13028697014554,25.06410236424408,88.99845767028305,4.036163710327195,83.2004072201726,74.0798472088872,0.23317237050609133,38.60246268351733,0
1519,72.41355774949814,50.56649924897107,29.343715164538477,104.39501230620226,4.8605583029246215,61.96131459023907,78.00050468934431,0.24900631823158442,39.208472609951684,0
1619,82.0467372009279,55.29692754356731,30.384259414793842,107.78936503512114,5.4225789855921604,50.95931710264,81.34647376290367,0.24463676170945292,39.08073053420395,0
1336,86.49449061809625,49.29501221940909,28.875720090959607,104.57772866151886,4.975551408262947,44.51039474946525,79.77553484938731,0.31101414482088585,35.77163447752943,0
1918,73.18580719780171,54.86501643826202,26.7499870958827,116.74492433347538,4.297405076598213,62.57975981221181,80.91250515299606,0.19616604362644932,39.92950517046664,0
1298,72.77248739299614,50.6447441481012,30.84327335983364,99.94403981170953,4.973797774711265,71.03877343316258,76.64942399772883,0.21187403804267008,39.686758889390894,1
1257,82.2669223855885,30.245334336461287,32.209703247847045,106.68741655592513,5.852052758127746,64.75167746495381,85.8585895735808,0.301815144603624,41.20620124203364,0
1731,82.89786072865357,40.606646061812455,24.548004612785768,89.08299123860685,5.62344585776736,59.97596159081146,74.1191333172261,0.22022325324080705,40.422525728464315,0
1658,72.38569986423366,48.55912444278385,37.054661898731354,96.12900297525599,4.968997995316984,54.107283482106936,82.4378014854336,0.29502665386657956,43.989972748061184,1
1624,72.89906591452072,37.90305257158892,29.507059338578692,106.95537757565778,5.4757246385290435,49.0783636728191,85.9094554647998,0.3349717991504355,44.61754308023684,1
1625,73.59107695569746,55.99928729996205,30.094248114724238,108.49102110743144,4.816746489815974,68.34751326324883,82.40454046374448,0.22991024865291831,34.746883390860994,1
1497,68.27774744482862,65.30750832343698,33.541072116282784,97.06033052335818,4.148064206586641,69.13771621385585,78.98737886467585,0.2840681163287653,44.343862502953854,0
1320,70.40674026757901,62.18761851697317,31.166080656317508,99.28400748141934,4.537767005935223,44.54270213309267,77.3585147666851,0.19231538593300707,34.06831786445073,1
1515,69.97929616623966,47.86557129069792,34.76568316956622,84.82126253319191,5.781444384254099,75.89838978180684,85.18043825523128,0.28773666490339045,42.93927944068867,0
1364,71.16101217447935,64.90726136849952,31.43562082600912,96.42970799193391,4.8630034590853475,65.74071220894001,72.88512537369164,0.2599711992993384,43.09869392351435,0
1695,74.8265755630661,51.486674572021116,26.93781312679781,108.90383163519786,4.878308010312491,73.99594645145794,75.14937869810178,0.27365191410801076,30.44341554168748,0
1470,76.1710736626826,46.629140288819606,31.80751762603051,105.75205016106567,4.85008090186256,46.57872251514885,78.0122111725414,0.21772139639823024,40.46489623264705,1
1334,82.75250246407039,43.8659733645906,24.28136896339669,105.00665721381209,5.952068294786503,46.34175844584561,86.18826878755999,0.16694582922164136,37.65751943319842,0
1435,70.00822979630604,46.975303135118715,30.542798528882617,100.49773687180961,5.812979457681031,58.51030690232703,81.89883818020448,0.2751626032374752,36.20617371032313,0
1582,79.92161199238292,46.118231814587716,29.833850046777695,100.07063158628176,6.109390116724067,65.02784426895194,75.15977120744877,0.14682984237602725,46.75426165349503,0
1387,73.93005577887246,51.70416222375488,28.959415713637302,93.39678860526553,4.920477394799974,77.96360822926964,78.44846147307548,0.23413247538787327,36.731604296812904,1
1335,74.75268145173783,51.60573981049865,29.357312442805345,106.98828420202534,5.147812244373547,67.06078913815132,76.92838427951853,0.2970590933209985,35.96811535440975,1
1548,78.37409746083301,50.03046020153415,20.590754772511804,104.20972944389389,4.241678725289605,57.573187231879665,76.45105503883232,0.2595948867936518,40.378474700025464,0
1548,69.3863898921885,54.369381697463496,27.256375461295193,104.92018847992799,5.738467213059137,49.73630792334108,84.8944477927839,0.34741713223949067,43.42794873149208,1
1398,76.91204873092025,61.906462747863415,30.464224505705573,94.7396515733242,4.416110224366032,72.3000057271915,73.14128435368247,0.3012554576290887,39.29175706994936,1
1405,75.83226104106528,59.495541354413234,30.799281959987002,78.46657080128756,5.108387781881315,50.35294574249285,88.04390427867187,0.21730508058372117,45.83185272834626,1
1546,77.46225632004075,35.151020315500965,24.86162429537021,110.97152711753695,4.4513487361835775,76.28468554772321,84.14114845092311,0.25136566899257196,42.654878309820454,0
1210,76.44584321953909,24.46078865098045,36.328539204323505,95.21162543991596,4.705566586630652,57.15615350393491,85.45430835301849,0.2476314648727782,29.10894340134285,1
1218,87.27650069955448,59.34319911239274,25.669125758927496,91.37224235956879,4.58136878447515,75.9058207261785,77.68530243987371,0.17089116183269365,37.35266518246496,0
1356,71.81130007874341,36.33121301584579,34.84728600263368,106.93478911913994,4.696062369662091,66.78931290059279,79.25029640460446,0.20298005417578233,37.190789503241504,1
1457,72.34501522499092,47.75234598107316,32.13597180935842,96.07987360080871,4.730438648425511,58.63004510557542,72.83424092737644,0.221961954651007,42.39680476714711,0
1562,71.88429736787617,38.298869739406406,26.768863450780984,110.59936384046622,4.7258656025374615,54.806036281738734,77.37668796466599,0.14818897485720317,26.87591471812944,0
1795,72.22261440419872,31.9801956241998,38.87655446304756,106.17005949576698,5.416666955890154,56.5909212265392,82.46827423821576,0.25237467341258213,52.74504854358861,0
1671,71.81306436346742,55.41462728204788,24.0318158412176,106.83569323200477,4.44756860346874,64.28316692375238,86.48031530890698,0.23754640776734798,42.65513047447105,1
1468,80.94508265553776,57.59155160302647,34.59577086805001,86.34044288799466,5.110270713506933,60.771564962177166,74.46421591598774,0.1663553049344213,40.74438401958845,0
1496,82.10252123994927,44.2348959927328,35.00291159021489,112.11943985386401,5.608979576152779,54.06188591931295,78.17247031507367,0.2702106432638666,45.907838582095735,1
1299,72.14626853125262,24.089577078550903,26.646898954616777,102.61250531233856,4.743401817743302,58.34368589682368,79.24350389883739,0.285793637234548,51.71827026406312,0
1496,70.83822213447885,44.53755551747517,36.962326500321645,96.30722860753797,4.6410405546261995,60.7857702971915,73.02105398903757,0.26135172394324446,44.35373322294202,1
1442,77.35707778193202,53.91804005402547,28.749767427005235,101.43388467342251,4.884737687409874,38.71265905585188,82.956746208792,0.2337965912395515,44.7440654823581,1
1564,72.23888477859515,35.21088431225871,31.443468146399287,82.2376476710168,5.589862604180355,64.58168114788698,76.38004834128695,0.27957210758759277,40.653450122321914,1
1334,78.16465908877755,51.83359919779156,31.301609193856102,104.08652811480671,5.097053815476679,50.20278775283193,79.02304824411488,0.28401101802383455,39.292371233165255,1
1603,76.01461510425649,49.846901508270044,29.32845629264726,89.70628491817928,4.7343928526962005,48.46667596794255,77.74025314044061,0.26537017848598443,37.6210227799755,1
1806,67.42127942501384,55.792914996010886,34.05404136579891,86.47329714156466,5.2419383255940195,43.1265565288929,76.05330747140162,0.20876938747826196,35.86944004142729,0
1478,82.73752600665031,51.19580368414153,33.967443602761065,84.7764081378211,4.448853925081789,42.0610750213211,79.96477507259722,0.263830038275559,36.56492950150251,1
1580,83.9793883654776,40.26931059118444,21.257340133809095,111.12688374989925,5.340679755221474,46.44552496887711,78.92195210715988,0.30977403254127395,33.24722017828508,0
1638,71.93605654757806,61.965715016644914,36.52170121439076,93.70736606307212,5.204303653850884,52.9097904236951,78.14071058860667,0.2201685470694135,39.62064274657488,1
1419,73.06149220032007,48.4147042697303,21.68754005982163,115.337277099165,4.846095764430558,79.53259137526568,76.35769189159828,0.35489696695662154,31.576662113868068,1
1544,76.42932695362452,49.72695460490068,35.16273102170829,94.64198536947703,4.580707100776385,54.74120324104796,81.59762335391477,0.22371845330073079,40.954582620718554,0
1502,76.67228394993512,40.667320409268044,35.633525684137915,82.92642042407053,4.556659538858272,61.777501062680315,88.26808634246143,0.25162035066700683,39.81834695978829,0
1519,78.29272136336415,45.567177488084894,24.54516784892401,88.8347556005134,5.267408668172955,64.00481386506328,80.69943616419563,0.21637572019968318,40.73467649193344,0
1345,85.05102269383175,41.15197285973099,27.945928560227077,112.35811620006939,5.614490251244531,61.31065186215849,84.98059107455565,0.26116354179601303,37.38934214990004,1
1504,74.11526386252976,48.27053940076577,24.47147665757032,98.44101822063332,4.681346126485603,59.225565392740066,73.04889037423268,0.16288891536823624,55.38430185090252,1
1599,71.00851377730773,67.11708480142343,28.925394848556323,94.51712703509399,5.229193351775742,48.04706236400755,80.78880719646885,0.22269791005916395,46.80057950090156,1
1790,68.10340385992737,36.28098857068643,28.459828579071292,101.60018225852788,3.956486490698966,74.50927548279212,74.51315840514467,0.19539393998257165,33.77728749957639,1
1691,71.3453498002904,33.86438602123259,33.8983026613467,105.01782736167544,4.7076911346714,78.07196643637886,72.61537536234049,0.25676691739461455,41.16434043713449,1
1930,74.83436513563102,64.71170327493608,36.55154373059804,111.1739881590246,4.984470533564549,43.17341305877314,76.30314296270481,0.2997223687754454,36.959969285313385,0
1346,83.97278931758893,47.90676322848134,36.97841905394978,114.48499229892926,4.545158291509083,49.7597140911362,85.95949667206787,0.2823003093557276,34.92760136646293,0
1674,72.41194350481915,43.309272613400836,27.18915986710849,96.40231354210914,4.531746812605202,57.20189657622994,84.75007914334823,0.1314170319570554,33.29963964438033,1
1536,76.11893975819449,60.39904687396076,28.95389063127736,86.73952313917962,4.666110221765557,50.35462205089809,81.215023610272,0.352103482646394,42.161083453796266,1
1937,74.91788551963624,43.94384460263136,21.58280903889525,95.86534838876725,5.146096364163187,65.05965553455866,72.33649720055034,0.2647639970310434,36.59309882465213,1
1338,80.94196636724043,68.26009713546937,25.970649667519055,102.60280506582886,4.906335490796812,52.71727797593387,79.01859674306031,0.21117504297534997,44.83913012012602,0
1332,87.63466212936811,56.77925871339269,34.82425816548729,90.3624107378939,3.8808843833375137,81.65056067806603,81.50850004450868,0.25785639594954707,44.9689110726522,0
1380,72.3456561353984,45.120885918542974,38.07791411774116,90.42849085104957,3.9396499236824667,71.90548594343596,80.87768114789299,0.2588094911251346,46.86957192605725,0
1075,72.5528027874089,71.57308213265503,23.82825564060039,103.43787881549885,4.696567411071412,62.12574030632215,70.78103208259627,0.21665756415242182,35.738066169629484,0
1394,80.22080438534536,43.94285076996662,27.037678704235528,99.5134764842955,5.228843293026776,70.26986263319732,75.54841075990063,0.25989583336710376,42.37682805346005,0
1348,78.40945744813156,57.42095372009307,29.867971215205365,100.32796995411587,3.6262475786373827,71.05900424357309,79.67961117925641,0.21962638561898462,43.16227108321151,1
1530,84.23353662868017,52.99292580406492,31.400805794098034,92.41504665299931,4.750134911924185,54.36052511941757,82.68145454758594,0.22978190036549886,37.62910912448017,0
1568,77.91964092662982,63.01741289398798,25.95198240039177,97.69599285794233,4.736876071741289,51.83782755458035,69.01936089450027,0.21568604321224577,36.14114021303563,1
1875,73.2035395460647,65.61511196726853,32.12030522232045,90.75766855731696,5.694168889104224,60.78143062969647,79.18938012260071,0.17836643551301734,48.047603328879866,0
1690,77.95327415346155,50.320041490657665,27.63080326464542,108.90198411124787,4.807489094143568,68.61636124497944,80.71524384939477,0.2572918235107692,41.13747937866027,1
1384,80.54351790291454,42.46582129653817,29.927738645608603,110.35249334723753,5.191494492370464,61.390603986534174,84.24805994258107,0.2792649718258169,43.17983875355869,0
1320,79.10241090598682,54.59972142939117,32.7314212400185,81.53812137761906,5.0706285700437315,44.23003517809003,83.46428792118718,0.2757441798038186,35.889619940860364,0
1598,77.53637015553649,43.22284630247894,30.032111349054688,90.7048913980759,3.9347167600964,51.97175556049157,82.91285659404403,0.2909962626317617,33.90357766738903,0
1235,80.33337344794577,70.13387247526623,27.818070547367157,85.03470744909922,5.384103608315868,59.26027136405622,76.00029746649032,0.2662170105007434,37.152751127539446,1
1866,80.84647795222837,51.36535331082737,29.451950980370846,93.49976065593101,5.107698252728144,59.2433439567417,70.45998931438346,0.2233637250891548,39.37989306305001,1
1735,81.91079495518764,46.34678448687891,29.558185203973323,99.16562030209639,5.254134319837295,79.72542176789808,78.034736214693,0.2919831932215594,34.67889996591325,0
1406,78.24354943794822,51.84680305864909,28.14994485058936,85.5035478030147,6.963118853218163,46.14012057601002,85.0081591260428,0.18212412300790326,39.95077595674808,0
1157,74.16440959841573,36.52873710470303,28.706019686664487,90.78140186874687,3.9579435302507058,65.05589241835875,86.96727263762216,0.204966430874376,31.5574740596575,1
1770,75.73356843216662,40.28385961489349,37.99323585252358,89.96042627918501,5.862348324880554,74.8911310832829,83.55274551148892,0.20178999642883777,34.39976288765064,0
1477,81.03254483254179,62.00413907944426,32.8045972397062,102.07267329398944,4.856276240299822,82.71449745422797,82.14670411400867,0.3040028029569655,43.35455624138437,0
1747,70.91532164506381,43.43105721028604,28.522598409854197,100.6934433703625,5.143664452201505,55.95602576816039,81.89819824192983,0.2971394257070038,43.01895260138947,1
1181,76.8433665443645,39.5308901731806,33.48477202255368,92.78262446662747,4.977243877349379,64.914294527202,77.2194062661961,0.27436526185224974,38.040616173065665,1
1380,73.0333059383632,55.36652752527286,28.33090255121995,101.76820872139398,4.787881833300978,65.69760357198646,79.3496985322319,0.30359649326058985,34.91117845461523,0
1501,75.14372411467409,61.85704154662997,35.86562318793321,94.53319915412735,4.715083535880621,61.95481731553291,88.34534762913165,0.2060358608794006,34.862982242369945,0
1509,81.39225931303649,57.18953310665067,31.84821096099047,97.28344889673947,5.164754367786505,59.01154798760694,75.28720997104062,0.267429755993049,38.13365877029343,1
1409,75.95549534009952,59.960476858058165,29.463489279978855,116.73452090298537,4.24141315166416,64.35975389500047,88.07389395354926,0.2437412785808418,43.22259245822646,0
1624,75.23218274078074,42.43204911430539,32.23858462905139,113.40461051790348,5.375289583760883,34.677539147803145,78.3898592275397,0.2923441051942457,44.64122845672162,0
1286,68.2007192951004,35.78189333258156,22.145619239657503,87.00418763072402,4.791902797557373,66.82069490062631,86.62716054547539,0.24423878837239013,37.517341322590156,1
1471,78.7312678301361,65.01333651955487,24.366162655450974,108.29732417879174,4.434965330479821,61.26177903661967,72.96592495251231,0.23075285557949593,34.23253787007608,1
1524,78.22742090570537,46.77320161157864,24.030374968004722,108.11396554491591,4.774993571002093,57.77525103221735,82.92952100582325,0.2770454259280495,41.33921818933167,0
1602,85.8162736165273,47.49166983544953,30.714715473818533,88.51736711247382,5.628574608431286,80.46862195719558,76.31614932026189,0.29380845835956165,35.882325146870755,1
1642,73.461108825235,63.281941418490575,38.66257499742546,108.1877764375486,4.732332456491888,53.250659812094476,72.92366404037907,0.21658274025765992,37.40873680569399,1
1275,76.0957516383197,55.5623000940066,41.15650073096316,115.37931918412554,5.17922680910481,55.96924010934969,81.09267021205473,0.24694621643238118,46.62638045218519,0
1193,76.24691841855378,54.55887772081608,33.19025550720379,88.77455193755586,4.634521862142264,79.91553302204734,85.04735894297984,0.19707796831791735,44.135577142828836,1
1755,82.88726639881737,71.65002344901083,32.50422237472228,90.82497178985736,5.3789609249618096,51.679386951501435,75.77529280703251,0.12509694912535302,40.78987156125726,0
1566,74.52352233806523,43.564817696198574,20.994711329236303,110.17661466843502,5.342753869395102,54.49884717063461,72.50492019770799,0.26002298157068643,33.64040499443639,0
1350,76.39510762885169,59.278401280812375,27.28663100132989,102.71495310825648,5.924304416648206,58.5297457656915,79.54077617832523,0.2804452678127316,41.056982837353296,1
1810,78.0394825485827,50.570131248970846,26.061081240458805,105.51476275239523,4.912218027250392,68.4073448212955,79.5628233561141,0.26310334045433625,45.313286453937636,0
1523,75.9330456157818,52.68592278863257,26.89576200874442,103.40589216400497,5.334327402378953,62.078025073533134,82.7415981377725,0.15252191411228164,38.12183167117232,0
1735,72.76783192724736,65.28468426412532,29.159280907076052,103.90695920928144,5.049033769769473,47.07374652847737,84.74797285682244,0.23245752849617626,46.75557044993357,0
1513,75.97044996449154,55.07835756289624,27.639547111514364,86.73527871688917,5.647935890931507,54.6783143687281,79.70292409363753,0.13908261199744593,46.463726447591036,0
1912,80.36815874929886,55.38296079049633,20.10350094812106,110.47317706621448,4.640583806195635,53.92645566787789,89.27751657397131,0.3184850553827092,48.31866416071737,1
1851,69.8674235029447,60.72507337309802,33.73955128058767,111.69589992427774,5.37250265643864,59.22778954776955,81.12117372267646,0.1956972708940957,41.526215632656765,1
1450,75.66484837073438,46.350472704571146,24.636284871300965,97.70609255931973,4.9026513519416595,64.25843658629829,78.2678674699655,0.3127701804729948,42.93695849903006,1
1694,71.49939592530413,41.607903326609936,31.196234320555746,99.56523050186138,4.967905911445751,64.18205755887972,71.94216320448587,0.29729348218420726,47.07093644165545,0
1629,80.97523314462421,39.55190805978967,40.370413348749864,84.68892497444278,5.045876242224186,42.23988245951598,78.68670239841916,0.20497048237319693,42.236969685344874,0
1773,67.38406547608113,30.33643410623998,25.403077042067885,105.14254756017834,5.126120198213338,70.63940987560856,78.31806527294432,0.19336075243661274,37.49382946104894,0
1307,72.20539076364206,70.56207129940321,17.348562386268352,105.72057441714144,4.941885478439021,62.52568845996623,84.80152398140736,0.26751851081931693,37.757285817360696,0
1637,76.8860593753226,38.96791634278317,28.569978890599447,99.37808983000689,5.107356591585263,73.84532047593906,82.31241812033427,0.20778379814084644,41.192774768868695,0
1711,82.8276201461717,47.78746376414228,35.50479817499286,111.24353359870503,5.789059028781092,64.44198327290673,74.10315439183691,0.25512423210791035,33.5471928902689,1
1148,74.67124869463507,47.23186700111079,39.79173727110297,96.6592276902006,5.492724842807609,71.01322957735762,80.86127193205519,0.22585862045965407,39.283705423179036,1
1263,72.22400236653401,53.07406697809101,23.852252027737915,105.646059258936,5.434577296248448,64.66545311450128,83.35765585864527,0.16094207927671833,45.48273559115127,1
1092,84.40578534720295,58.15737212539297,32.48349611618261,89.80335661307885,4.772230236988064,73.46225756202747,87.64015679693917,0.13847659904377704,29.043730744173594,0
1446,67.75993049791877,58.60473488359745,27.673447716099734,99.76447849125762,4.555379585885838,65.22250636017779,84.4375198370703,0.2613342124247299,47.672410508972575,1
1643,64.00597021689958,44.16922561431062,29.47025822847932,98.25645742097164,5.477650279118876,59.02084753557096,83.8042332715574,0.22192211268346873,45.611871093515795,0
1800,77.20007225026666,48.32878286213589,43.221716735085174,102.25307922040942,5.438023396264897,82.72434720446881,80.30042997307582,0.22234550915429338,37.701176920847615,0
1514,72.48972887823695,52.825799504882994,22.485148358024233,96.30473071166641,5.736335337875491,68.89037122279892,81.94156002711725,0.2847931919546893,42.716954139359046,1
1825,69.89383591434644,47.51308873816453,31.268698307472867,98.68527404328333,4.698009687015385,65.73744421004413,86.2475245035308,0.30867211383162224,40.01573863453163,1
1223,78.54178223649677,66.07345576019992,32.33846585882716,108.26047171441506,4.885225672319827,47.23695583461664,73.33611301260176,0.23637276393190954,46.14995184219342,0
1159,76.219003568856,54.90974951638251,35.42893162469674,95.63235762761782,4.180257918737283,47.11692382536462,78.25280336391522,0.23297006465450693,44.91341571384971,0
1488,72.17960684631636,57.348777860498174,30.48991576735448,83.93422899261321,4.803764446969564,62.92715482141853,76.1371562562188,0.27500715165569417,32.999646384084954,0
1576,68.59847800664552,56.628812686674124,31.54025269752051,117.4958390420542,5.498285255289724,61.45521197768241,81.89576559363061,0.18215322151502122,42.936312067320884,1
1493,79.36228664140073,61.73473857485325,28.041757162891045,113.81454078690487,4.766752310385901,53.858774349916835,86.15111087825395,0.26115765273738484,38.971860731783764,0
1086,78.2510058897933,51.81021558703707,31.345634706225535,87.07737304894381,5.320239897600412,61.4098269961206,77.01512856639464,0.2775942985911077,40.4141628525905,1
1482,74.50412068110309,37.03168052044153,28.28403862251295,106.89707805245195,4.9047484470010945,75.88626928043595,68.04847816265281,0.28401151042088146,36.359140495150925,0
1239,84.23318498023833,53.996879517526416,33.107859449280255,94.97025229448657,5.16202851411078,66.95402474550299,77.93889627487765,0.15316236487487675,48.74068534560418,0
1633,69.64957616836924,43.48643106208171,28.15194831978183,102.6348721533106,4.426154305092166,48.589914902472614,84.56736866008703,0.21193223650955295,45.20030909951288,0
1573,67.37237414537631,44.713833182502434,31.885501969510933,102.94224129013493,5.04260472481695,58.884911728570565,82.6881495147494,0.20608683735882666,36.30114418013516,1
1312,71.54045965059377,55.863640187550935,29.853685931575107,97.65592199683678,3.5044320145496384,51.950335191474394,82.14093123905288,0.25499434772046065,33.32694696544884,0
1397,74.77206991822251,62.38283071433636,35.63025125386084,92.16234334413603,4.906551920919007,56.12300083591439,78.6000334906276,0.2740372289883992,38.07163684511076,1
1288,76.21669724661346,50.21271576736061,29.74303138205757,93.0945894768374,4.18476337814243,55.86384334370357,73.60484631890107,0.32483552037229907,42.17251323045653,1
1487,73.79381971071835,53.088330125989636,21.134837658965594,90.83808084518758,5.602997258273408,55.22354417395995,82.57647160812233,0.22525172598159635,41.20102921973111,1
1691,76.76027698257148,67.02214944635239,36.30960750356996,91.68177791769556,5.388703676382256,47.44864628026605,75.82859094982688,0.2251213750845393,46.26566412384122,1
1302,68.74230287904778,52.407531794885685,25.471338495686904,99.32821709950645,5.23333549098304,58.7234531848181,90.92048366690229,0.30748360094393734,43.94959861090426,1
1600,82.2188230203663,76.01683114180395,26.7311683067559,92.84240010889248,5.76050311357969,54.3939236315269,82.85253604177258,0.26482884692651526,44.84784512876453,1
1393,74.58924410803715,55.65509645631544,27.02169352978254,106.8205206571262,4.525541739587581,30.70551309997732,77.09675848723025,0.3133825755593987,41.63427700305218,1
1341,80.58647915794064,32.39237240844182,36.87219046585409,114.87246155335927,5.873681598957779,80.52972024501663,76.94307376305686,0.2644364001504918,33.05350634894505,0
1478,76.71362673188852,57.53341621104533,19.32162893010652,94.19946758629958,5.466095782130193,70.88769654216672,79.53527896693205,0.19214416906433646,39.021507344265494,0
1292,77.28376609576893,53.81158384882778,45.688742668299966,102.39404500535377,4.881722356390527,56.23699275075004,78.80249038989125,0.18334358226110967,45.300448699543324,0
1389,77.84883640116102,62.897527540827454,35.28028404533026,104.99685110302934,5.567810073591472,60.188190497405984,85.58416887764977,0.17242438754705353,39.74238535737677,0
1260,77.23854280008658,56.73181351269958,31.1161945706458,104.72002270919275,4.446853243794183,48.28345652682438,80.93208084872023,0.2831025917379237,42.51545184311873,0
1892,78.21361379933772,48.615440160162265,29.725529996918567,100.75955267916088,4.587742919236163,76.95722877810866,76.34184130545736,0.3094298411543504,38.40625842376934,1
1507,81.64576265066216,37.757017637106344,31.427770374288286,107.42682418359722,4.69570513838015,78.97288694773111,89.45220342577892,0.34246810706931907,34.85094075729077,0
1360,75.98260584850735,47.90976742713975,32.60561214189669,104.82248952680658,4.735511145967992,61.56693728246525,80.24654165760111,0.292155266616162,39.383279679769444,0
1542,78.54501878794257,41.494795457907,33.22607792975028,87.62337577672702,4.471721178619873,70.23530644185345,83.84419837984449,0.3081419288767493,41.54523721516327,1
1477,74.55132152856386,44.19476550195277,32.778022330017244,108.69156064389273,5.611541533547663,61.75286778933924,76.9588674627762,0.22099918336731578,36.721561402692785,0
1455,82.20058607724737,55.8857840442061,30.447903406276243,108.87290837266742,4.8705727998150845,46.63274561124069,81.81557813872261,0.19217920916280717,38.82144377571666,0
1622,71.61803848970365,66.69904504351406,29.01330789846337,92.36713895821418,5.176252484178439,55.881766310363425,81.55554995571597,0.2925039666208777,35.302683790070084,0
1651,84.00470216455408,53.94671529822981,29.243633581732443,100.37937835447602,4.71482431679316,61.31927966771957,70.55175353951924,0.27088403761197005,45.59622458782048,0
1393,74.79921024677829,38.04116937964815,29.025458598236597,106.83328992811069,4.089698349725741,55.45452281256556,90.0763755523032,0.25537221871704463,38.52772121205983,0
1384,67.84612448940976,54.446026682201406,35.66885048433532,97.90686180420639,5.135028679195711,57.81346722564964,86.45322230461274,0.2693685740316495,47.263777725630916,1
1444,75.64052207455394,61.966314866456514,32.96778361140431,110.72978047766011,4.043872512290111,59.08600442490886,78.01402341927006,0.2661592741229103,47.64373925270454,1
1039,71.59474171262559,43.90217095680618,15.298056826678598,123.6387249461936,4.9656829769572655,59.191215021345386,74.48865129772072,0.3141908429926781,39.59477017639128,0
1196,79.20321774494361,48.65982833327082,33.279503882648804,92.14013967365018,4.315842480583595,60.522584904974835,81.73780806901776,0.3147492792408478,34.95775633726325,0
1773,71.73688010348805,50.14688194729197,30.973680973593876,86.18955396846225,5.993637999615404,49.39394933603399,80.43348849707198,0.27721101761701733,29.57051061133331,0
1828,72.7690828339261,42.151016869177596,29.90645621777051,103.03818595604876,5.455681361087361,52.82983850872064,81.77834474281615,0.2922901436281464,32.63981463486604,1
1450,65.55229634527234,56.48280433843859,28.05740773455557,107.21562505126144,5.05287689563574,47.15415734300031,80.95788698097044,0.2757031276212388,33.1308258755067,0
1615,72.73846840375461,48.79051851392219,35.620563599930065,97.69133626155231,5.631853338827335,69.778155496862,82.53120494652963,0.22694151339826907,46.89234813730752,0
1562,62.88060336685522,54.195324439070276,34.73763231061429,114.53260663321035,4.576842011267132,38.943530581596754,87.23652849695904,0.287828233745657,40.57912293613473,1
2115,67.08048588257138,41.125078221978995,26.135611660881956,86.61394200276752,5.271739689335046,71.53590343316925,82.84051602564323,0.18027524655703692,41.94802262045994,0
1723,78.80207328072149,45.62541699676589,32.03526143562267,106.9291862303161,5.099905216859357,73.86349397262843,74.75172250545029,0.3026945776147942,28.897894955324368,0
1474,78.92900079325416,57.22381357827771,25.14171632729357,93.94139179241107,5.132010040666835,56.97819413017378,86.81281426356226,0.19027385301169825,34.01016785391369,0
1308,77.12728780892482,46.27166847908233,23.101909176055347,117.19377906207296,5.636176750053384,33.96862912172701,88.20307281744144,0.2642901643397366,44.43539888223143,1
1178,70.16511928435393,67.26963851233405,26.866413877050174,119.92515353168119,5.3662460513899015,56.38689438032709,95.76028367256042,0.20774230207869204,41.43387056191293,1
1540,74.7614432192901,46.003638143853976,34.311967361913794,92.33343412216652,5.144361831412511,59.35815838711181,74.38252983380201,0.2776694491537213,39.263973606572016,1
1348,74.98198730454716,52.24684725751886,34.76562522688043,94.5044286409142,4.172556281885852,49.89401780071087,81.21441006575138,0.24830373870360456,42.824211793000615,0
1215,69.20817655403728,59.325908318730896,32.56542710048647,108.59587886979801,4.519976852360268,54.84781606191757,69.58950648405506,0.17026220209183338,48.17898903067908,1
1370,82.51699150883576,35.816342670669684,33.625478934239986,96.12869350210485,4.938645533202138,75.30195198863352,82.76574578189604,0.2710349815509239,38.89478768231475,1
1283,79.38681145287836,32.39191188019224,32.58089143557479,99.54588782067762,5.0466861871383255,66.64927162301741,77.25899850916613,0.22110396115836448,40.346849013290345,1
1837,73.89517913085169,34.74343685429905,26.792592023885238,100.2538842054241,4.434898137663038,50.754358856219,89.61722897412477,0.29405733604066847,40.96298459365653,0
1676,75.13442919497265,62.62584103427182,32.159612723369705,80.80326843802344,6.205838337789211,44.02400830404568,76.1269251499071,0.25006628443672035,51.96054817636996,1
1498,76.04191403973776,44.481418541075534,34.00204762613841,99.86162253905762,5.758197027626786,56.729826823902286,71.55408481016369,0.26977104926940193,29.503218677904872,0
1795,64.79132565787855,75.58199285668252,33.77145664906787,93.10272225935826,5.301059160196242,57.86543220649562,77.6436812964874,0.2021215522492394,43.41611507394404,0
1515,73.76411308739702,44.357524013426115,35.94456685737322,95.06877177600228,5.036018430641873,64.96199187363317,70.12256114391431,0.2205333884286319,39.42598875620468,1
1327,71.59007876001101,51.84551303197037,33.54151923600532,114.43632003468814,4.893895515049424,54.64683287432341,83.75549727253654,0.22706806819494577,42.8338586309209,0
1804,69.99189995052542,65.42109952567876,31.757241037707914,87.43493105720744,4.524040769988882,65.11499575361862,69.6745847687184,0.2928351240121278,36.713137230026376,1
1607,73.59449853557022,70.06092888159122,35.350751191582134,108.13205186747977,5.0387402592594315,79.35154040060229,80.1422879059158,0.33386885439027447,39.75517484570775,0
1292,83.98843263424762,70.61503576636397,29.8673937037547,97.21037069668192,5.128876270071375,68.15501022444262,69.61094090071902,0.20974141241285618,43.55705289732747,1
1461,78.20421430633505,62.083662305931426,25.59062674386141,97.20239831504166,4.379119712259188,59.519114926692275,78.39851097731679,0.303842407232884,55.5645510052192,1
1324,72.14410505108602,60.240625258114626,29.18466518028118,107.90371896051711,5.167088208622449,58.16849528946705,88.21689077902266,0.1415161291137149,44.040180947010356,1
1223,77.86291390678079,55.92526949201183,26.275486775967757,103.4005129456889,4.922370475587625,56.433268658201285,81.80323945717898,0.19029052994538553,35.759672009847456,0
